id,companyId,name,description,careerPageId,careerPageName,careerPageLogo,type,publishedDate,applicationDeadline,isRemoteWork,city,state,country,jobUrl,badges,disabilities,workplaceType,careerPageUrl
8085032,417,Java Spring Boot Developer for Financial | Mid/Senior,".Responsabilidades e atribui√ß√µesAtuar no desenvolvimento de projetos que utilizem metodologias √°geis inseridos no contexto de Core Banking Business;Estimular o time a aprimorar a pr√°tica de melhoria cont√≠nua;Estar constantemente aprendendo, evoluindo e aplicando seus conhecimentos para melhorias nos sistemas e equipes onde atua;Fazer troubleshooting de forma muito r√°pida e eficiente;Colaborar com o time de forma proativa, buscando melhoria tanto no c√≥digo fonte como na regra de neg√≥cio;Compartilhar conhecimento com os menos experientes;Ter ‚Äúownership‚Äù, expondo suas opini√µes com clareza;Requisitos e qualifica√ß√µesLinguagem de programa√ß√£o Java (Spring Boot);Git;Mmensageria e filas (Ex: Kafka, SQS, Rabbit MQ);Desenvolvimento de APIs REST;Desenvolvimento de arquitetura distribu√≠da;Micro servi√ßos e ferramentas de orquestra√ß√£o (Ex: Kubernetes) e ferramentas de Containers (Ex: Docker);CI/CD (Ex: Jenkins);Bancos de dados relacionais (Ex: MySQL, Oracle) e n√£o-relacionais (Ex: MongoDB, Cassandra);Testes unit√°rios;Ferramentas e pr√°ticas de monitora√ß√£o de sistemas (Ex: New Relic, Grafana, DynaTrace, Splunk);Desenvolvimento utilizando ambiente Linux;Desej√°veis: Spring Cloud, APIs RESTful, Documenta√ß√£o de API (Ex: Swagger), Kotlin, SOLID, Design Patterns, atua√ß√£o com arquiteturas distribu√≠das, resilientes, escal√°veis e de alta performance.N√£o possui todos os requisitos para a vaga?Est√° tudo bem! Na Compass UOL, estimulamos o desenvolvimento cont√≠nuo de novos talentos e transformamos desafios em oportunidades.Informa√ß√µes adicionais#remote""remote""",35254,Compass UOL,https://attachments.gupy.io/production/companies/417/career/35254/images/2024-11-07_16-21_companyLogoUrl.jpg,vacancy_type_effective,2024-11-22T20:30:16.591Z,2025-01-04T00:00:00.000Z,True,,,Brasil,https://compass.gupy.io/job/eyJqb2JJZCI6ODA4NTAzMiwic291cmNlIjoiZ3VweV9wb3J0YWwifQ==?jobBoardSource=gupy_portal,{'friendlyBadge': True},True,remote,https://compass.gupy.io/eyJzb3VyY2UiOiJndXB5X3BvcnRhbCJ9
8178273,54256,FullStack Developer especialidad .NET,"¬°S√© parte de Stefanini!‚ÄãEn Stefanini somos m√°s de 30.000 genios, conectados desde 41 pa√≠ses, haciendo lo que les apasiona y co-creando un futuro mejor.‚ÄãBuscamos un desarrollador full stack altamente capacitado con especializaci√≥n en tecnolog√≠a .NET y SQL Server. El candidato ideal tendr√° experiencia en el desarrollo y mantenimiento de aplicaciones web, as√≠ como un s√≥lido conocimiento de pr√°cticas de seguridad y herramientas de pruebas.&nbsp;Responsabilidades y atribucionesResponsabilidades:Desarrollar y mantener aplicaciones web utilizando marcos y lenguajes de programaci√≥n modernos.Colaborar con dise√±adores, gerentes de producto y otras partes interesadas para recopilar requisitos y traducirlos en especificaciones t√©cnicas.Dise√±ar e implementar interfaces y experiencias f√°ciles de usar.Escriba c√≥digo limpio, eficiente y mantenibleRealizar pruebas y depuraciones exhaustivas para garantizar la calidad y confiabilidad de las aplicaciones de software.Solucionar y resolver problemas informados por los usuarios o identificados durante las pruebas.Mant√©ngase actualizado con las tendencias de la industria y las mejores pr√°cticas en desarrollo web.Participar en revisiones de c√≥digo para garantizar el cumplimiento de los est√°ndares de codificaci√≥n y las mejores pr√°cticas.Colaborar con equipos multifuncionales para garantizar la entrega exitosa de proyectos.Contribuir a la mejora continua de los procesos y herramientas de desarrollo.Requisitos y calificacionesImportante contar con:Requisitos T√©cnicos:&nbsp;Dominio en .NET: Amplia experiencia en el desarrollo de aplicaciones utilizando .NET Framework/Core, con habilidades para crear soluciones robustas y escalables.&nbsp;Base de Datos SQL Server: Capacidad para dise√±ar e implementar bases de datos relacionales, escribir consultas complejas y desarrollar stored procedures eficientes.&nbsp;Control de Versiones e Integraci√≥n con Git: Experiencia en la gesti√≥n de c√≥digo fuente y colaboraciones de equipo a trav√©s de Git.&nbsp;Revisi√≥n de C√≥digo: Experiencia en revisiones de c√≥digo entre pares para asegurar la calidad y adherencia a buenas pr√°cticas.&nbsp;Diagn√≥stico de Aplicaciones: Habilidad para identificar y solucionar problemas de rendimiento y lentitud en aplicaciones.&nbsp;Pruebas de Software: Experiencia en pruebas de integraci√≥n, regresi√≥n y rendimiento utilizando herramientas como JMeter, Postman, SoapUI, Gatling o similares.&nbsp;Cloud y DevOps: Familiaridad con Azure y sus servicios para integrar soluciones en la nube.&nbsp;Integraci√≥n y Consultas a Bases de Datos: Experiencia en la integraci√≥n de aplicaciones con bases de datos y la optimizaci√≥n de queries.&nbsp;Habilidades Adicionales:&nbsp;Buenas Pr√°cticas de Desarrollo: Compromiso con la implementaci√≥n de est√°ndares de codificaci√≥n y pr√°cticas √°giles.&nbsp;Experiencia b√°sica CyberSeguridad: Conocimiento del OWASP Top Ten, CWE (Common Weakness Enumeration), y CVE (Common Vulnerabilities and Exposures) para asegurar aplicaciones seguras.&nbsp;Comunicaci√≥n y Colaboraci√≥n: Habilidad para trabajar en equipo y comunicarse efectivamente con otros desarrolladores y partes interesadas.Informaciones adicionales",114440,STEFANINI LATAM,https://attachments.gupy.io/production/companies/54256/career/114440/images/2022-11-22_20-33_logo.png,vacancy_type_effective,2024-11-22T18:45:19.636Z,2025-01-21T00:00:00.000Z,True,,,M√©xico,https://stefaninilatam.gupy.io/job/eyJqb2JJZCI6ODE3ODI3Mywic291cmNlIjoiZ3VweV9wb3J0YWwifQ==?jobBoardSource=gupy_portal,{'friendlyBadge': False},True,remote,https://stefaninilatam.gupy.io/eyJzb3VyY2UiOiJndXB5X3BvcnRhbCJ9
8175878,42212,Developer- Lenguaje Topaz,"En Topaz nos une la tecnolog√≠a y nos conecta la evoluci√≥n!üöÄEn nuestra organizaci√≥n estamos totalmente comprometidos en contribuir a las soluciones financieras que hagan de la industria un lugar seguro, accesible y din√°mico. Queremos llegar a diferentes partes del mundo con nuestro amplio ecosistema de soluciones tecnol√≥gicas. ¬°As√≠ que te invitamos a que seas parte de este equipo!üòé¬°Adem√°s tenemos grandes beneficios para ti! Sabemos que en conjuntoalcanzaremos el √©xito, as√≠ que post√∫late y haz parte de este gran Team.Al integrarte a nuestro&nbsp;Digital Applications&nbsp;Team&nbsp;como&nbsp;Developer&nbsp;&nbsp;tu misi√≥n ser√°&nbsp;proporcionar el desarrollo de la mejor experiencia posible de nuestros productos y soluciones de forma accesible para todos nuestros clientes, ¬°siendo verdadero protagonista de √©xito!&nbsp;Responsabilidades e atribui√ß√µesTu d√≠a a d√≠a en Topaz ÔªøDesarroll√°s de proyectos de implantaci√≥n y desarrollo evolutivo, en los tiempos y niveles de calidad establecidos, utilizando el lenguaje de alto nivel (4GL) de programaci√≥n propio de la compa√±√≠a (Topaz)&nbsp;Adquirir√°s conocimiento funcional del negocio financiero&nbsp;Programar√°s utilizando herramientas tales como Jasper y Kettle&nbsp;Realizar√†s consultas y programaci√≥n en base de datos SQL (store procedures, package, vistas)&nbsp;Ser√†s consultor ante el cliente, plantear soluciones a clientes&nbsp;Realizar√°s el an√°lisis de performance&nbsp;&nbsp;Interactuar√°s con diferentes sistemas operativos, sistemas de comunicaci√≥n, sistemas de redes, sistemas de canales.&nbsp;Requisitos e qualifica√ß√µes¬øQu√© necesitas para ser parte de Topaz? Ser&nbsp;profesional o estudiante de carreras de Analista Programador, de Sistemas,&nbsp;Licenciatura de Sistemas o similar.&nbsp;Poseer conocimiento avanzado de bases de datos SQL (excluyente).&nbsp;Tener experiencia de al menos 1 a√±o en tareas de desarrollo (Deseable)Se valorar√° tener conocimientos contables y experiencia en el sector financiero.&nbsp;Portugu√©s y/o ingl√©s (deseable).&nbsp;Capacidad anal√≠tica, proactividad, orientaci√≥n al cliente y trabajo en equipo.&nbsp;&nbsp;Disponibilidad para viajar al exterior espor√°dicamente.&nbsp;Informa√ß√µes adicionais¬°Ten en cuenta estos beneficios que mejorar√°n tu experiencia en Topaz! Salud y Bienestar: Porque pensamos en nuestros equipos, contamos condiferentes planes de salud, los cuales est√°n enfocados en promover elbienestar en la organizaci√≥n.Desarrollo personal y profesional: Estamos en constante evoluci√≥n. Poresto, ofrecemos entornos, programas y pol√≠ticas que garantizan el espacio ylas oportunidades necesarias para ti üéìPlan carrera.Modalidad H√≠brida: Aqu√≠ encontrar√°s el tiempo que necesitaspara recargar energ√≠as, adem√°s podr√°s disfrutar de un d√≠a libre entu cumplea√±os ü•≥Modalidad de trabajo h√≠brido.Convenios: Ofrecemos diferentes convenios y descuentos.",89869,topazlatam,https://attachments.gupy.io/production/companies/42212/career/89869/images/2024-09-24_15-10_companyLogoUrl.jpg,vacancy_type_effective,2024-11-22T15:07:32.789Z,2025-01-31T00:00:00.000Z,False,Montevideo,,Uruguai,https://topaz.gupy.io/job/eyJqb2JJZCI6ODE3NTg3OCwic291cmNlIjoiZ3VweV9wb3J0YWwifQ==?jobBoardSource=gupy_portal,{'friendlyBadge': False},True,hybrid,https://topaz.gupy.io/eyJzb3VyY2UiOiJndXB5X3BvcnRhbCJ9
8171364,1172,Mid Mobile Developer - Android (C/PARC) ,"Aproxime-se. A Invillia n√£o apenas transformou a forma como as empresas mais revolucion√°rias do mundo criam e desenvolvem estrat√©gias, neg√≥cios e produtos digitais.Inovou tamb√©m a maneira como pessoas apaixonadas por tecnologia, de qualquer lugar do planeta, podem interagir, evoluir, mais conectados do que nunca.Para a Invillia, n√£o importa onde voc√™ est√°. Se √© um pa√≠s grande. Ou uma cidade pequena. E sim a sua vontade. As suas ideias. O seu potencial.O tamanho do seu talento_O tamanho do seu talento_Responsabilidades e atribui√ß√µes¬∑&nbsp;&nbsp;&nbsp;&nbsp;&nbsp;&nbsp;Desenvolvimento e manuten√ß√£o de aplicativos Mobile;¬∑&nbsp;&nbsp;&nbsp;&nbsp;&nbsp;&nbsp;Desenvolvimento utilizando metodologias √°geis;¬∑&nbsp;&nbsp;&nbsp;&nbsp;&nbsp;&nbsp;Desenvolver c√≥digo aplicando boas pr√°ticas de desenvolvimento, atrav√©s de documenta√ß√£o e hist√≥rias de usu√°rio;¬∑&nbsp;&nbsp;&nbsp;&nbsp;&nbsp;&nbsp;Atuar em corre√ß√µes e execu√ß√µes de testes.Requisitos e qualifica√ß√µes¬∑&nbsp;&nbsp;&nbsp;&nbsp;&nbsp;&nbsp;Experi√™ncia com desenvolvimento Android (Nativo);¬∑&nbsp;&nbsp;&nbsp;&nbsp;&nbsp;&nbsp;Experi√™ncia com Git e Git Flow;¬∑&nbsp;&nbsp;&nbsp;&nbsp;&nbsp;&nbsp;Amplos conhecimentos em Java e Kotlin;¬∑&nbsp;&nbsp;&nbsp;&nbsp;&nbsp;&nbsp;Conhecimento e viv√™ncia com RESTFul;¬∑&nbsp;&nbsp;&nbsp;&nbsp;&nbsp;&nbsp;Testes de interface e testes unit√°rios.¬∑&nbsp;&nbsp;&nbsp;&nbsp;&nbsp;&nbsp;Android Jetpack Components (ViewModel, Room, LiveData, Databinding, Navigation);¬∑&nbsp;&nbsp;&nbsp;&nbsp;&nbsp;&nbsp;Conhecimento em UI customizada;¬∑&nbsp;&nbsp;&nbsp;&nbsp;&nbsp;&nbsp;Conhecimento em arquiteturas m√≥veis como MVP e MVVM;¬∑&nbsp;&nbsp;&nbsp;&nbsp;&nbsp;&nbsp;Capacidade de trabalhar em times multidisciplinares e de se comunicar claramente com times de desenvolvimento, design, marketing e produtos;Informa√ß√µes adicionaisA experi√™ncia de trabalhar na Invillia √© √∫nica. E global. Temos o nosso pr√≥prio jeito de conectar talentos e construir inova√ß√µes.Revolucionamos o ambiente de trabalho #Instation + somos experts em desenvolver solu√ß√µes complexas para #GameChangers + temos uma metodologia √∫nica #EngagedbyDataPeopleAction + investimos em pessoas #InvilliaAcademyAlguns diferenciais Invillia:_inovamos lado-a-lado com #GameChangersGlobais_cultura de trabalho distribu√≠do #inStation_metodologia exclusiva #GlobalGrowthFramework_benef√≠cios √∫nicos entre as techs #InfinitePowersFa√ßa uma imers√£o aqui&nbsp;https://invillia.com/Ent√£o, se voc√™ busca uma oportunidade de trabalhar de onde estiver, em uma empresa dedicada em recriar a sensa√ß√£o de proximidade, de conex√£o humana, e de se sentir acolhido a qualquer momento, mesmo com todos distribu√≠dos, aqui √© o lugar certo.",1825,invillia,https://attachments.gupy.io/production/companies/1172/career/1825/images/2022-10-14_20-54_logo.png,vacancy_type_effective,2024-11-22T13:24:28.939Z,2025-01-20T00:00:00.000Z,True,,,Brasil,https://invillia.gupy.io/job/eyJqb2JJZCI6ODE3MTM2NCwic291cmNlIjoiZ3VweV9wb3J0YWwifQ==?jobBoardSource=gupy_portal,{'friendlyBadge': False},True,remote,https://invillia.gupy.io/eyJzb3VyY2UiOiJndXB5X3BvcnRhbCJ9
8027313,51022,Mobile Developer I Pleno - React Native (Ingl√™s) REMOTO,"We are a reference in implementing digital businesses across Latin America and Europe.As one of the largest companies in this niche, we are recognized for our excellence and are currently positioned as the most valuable agency (MVP) in the Vtex Quadrant.With operations in Brazil, Mexico, Chile, Argentina, and Spain, we serve over 40 countries, partnering with the largest market-leading brands to provide services in e-commerce development, implementation, and evolution, as well as SEO, Media, CRO, and CRM.We have grown significantly and continue to expand, taking on increasingly larger and more complex projects while venturing into international markets. As part of this journey, we were acquired by WPP, the world‚Äôs largest communication group.Today, our team consists of over 600 bold, determined, innovative, agile, and collaborative individuals who lead and shape the future of e-commerce together. Join us in building this future #JoinCorebiz.Responsabilidades e atribui√ß√µesThe Software Developer/Programmer is responsible for programming, writing, testing, and maintaining a program. They rely on the requirements gathering and analyses conducted by the systems analyst.Requisitos e qualifica√ß√µesDeep understanding of the programming/functional aspects of native Android and iOS devices.Work with the VTEX platform and its provided APIs.Understand and apply UI animations.Capable of sharing knowledge and assisting other developers with tasks.Skills in reading code, identifying bugs, and proposing improvements.Familiarity with and application of best practices in architecture and coding standards (clean code).Knowledge of the App Store and Play Store.Experience with deployment strategies for app stores.Understanding of programming paradigms, their benefits, and when to use them.Collaborate with third parties responsible for push notifications and event generation for analytics purposes.Work with API strategies such as REST and GraphQL.Differentials:Bachelor's Degree CompletedInforma√ß√µes adicionais",105945,Corebiz,https://attachments.gupy.io/production/companies/51022/career/105945/images/2022-10-18_17-47_logo.png,vacancy_type_effective,2024-11-21T20:21:17.466Z,2024-12-23T00:00:00.000Z,True,,,Brasil,https://corebiz.gupy.io/job/eyJqb2JJZCI6ODAyNzMxMywic291cmNlIjoiZ3VweV9wb3J0YWwifQ==?jobBoardSource=gupy_portal,{'friendlyBadge': True},True,remote,https://corebiz.gupy.io/eyJzb3VyY2UiOiJndXB5X3BvcnRhbCJ9
8105430,581,SOFTWARE DEVELOPER S√äNIOR - MOBILE FLUTTER | Remoto,"LOCALIZA&amp;COEstar em constante evolu√ß√£o nos trouxe at√© aqui. Ao lado de talentos e habilidades m√∫ltiplas nos conectamos em busca da nossa motiva√ß√£o: construir o futuro da mobilidade sustent√°vel. √â por meio da valoriza√ß√£o da individualidade de cada um que impulsionamos o nosso movimento para conquistar resultados extraordin√°rios, desenvolver nossas opera√ß√µes e criar solu√ß√µes para os nossos clientes.Somos apaixonados por nossa hist√≥ria, por nossas ideias e pela capacidade de realiz√°-las. Sabemos que juntos, todos vamos mais longe.√â assim que conectamos a Localiza&amp;Co com o futuro.O QUE VOC√ä IR√Å FAZER COMO SOFTWARE DEVELOPER SENIOR:Estamos em busca de um(a) profissional para atuar no desenvolvimento de aplica√ß√µes mobile utilizando o framework Flutter. Se voc√™ √© apaixonado por desenvolvimentos de aplicativos m√≥veis e est√° em busca de novos desafios, n√≥s adorar√≠amos conhece-lo(a).&nbsp;Em nosso ambiente de trabalho, utilizamos uma variedade de tecnologias, incluindo:&nbsp;Flutter/Dart: Um dos frameworks utilizados dentro da Localiza para desenvolvimento de aplica√ß√µes mobile.Firebase: Uma das diversas ferramentas que utilizamos que cont√©m diversas solu√ß√µes voltadas para o contexto mobile.Azure DevOps: Nossa escolha para solu√ß√µes de gerenciamento de projetos e times.GitHub Copilot: Um assistente de programa√ß√£o baseado em intelig√™ncia artificial (IA) que nos ajuda no desenvolvimento.N√£o se preocupe, incentivamos a curiosidade e a busca constante por conhecimento!Responsabilidades e atribui√ß√µesLiderar iniciativas de desenvolvimento e implementa√ß√£o de novas funcionalidades.Trabalhar em conjunto com a equipe para garantir a qualidade, disponibilidade e seguran√ßa do aplicativo.Projetar e implementar arquiteturas e padr√µes de projetos ligados ao desenvolvimento Mobile/Flutter.Otimizar o desempenho do aplicativo e resolver problemas complexos de forma eficiente e inovadora.Dar suporte a equipe de desenvolvimento e orientar outros desenvolvedores quando necess√°rio.Participar de reuni√µes de planejamento, cerim√¥nias de forma ativa do projeto e revis√£o de c√≥digo.Configurar pipelines de CI/CD para automa√ß√£o de compila√ß√£o, testes e implanta√ß√£o quando necess√°rio.Requisitos e qualifica√ß√µesExperi√™ncia com arquiteturas de softwares, padr√µes de projetos ligados ao desenvolvimento mobile e Flutter.Familiaridade com frameworks de inje√ß√£o de depend√™ncia que facilitam a manuten√ß√£o e teste de c√≥digo.Experi√™ncia em escrever testes unit√°rios, interface e de instrumenta√ß√£o para garantir a qualidade e a confiabilidade do c√≥digo.Habilidade para otimizar o desempenho do aplicativo, incluindo o uso eficiente de recursos, gest√£o de mem√≥ria e an√°lise de desempenho.Experi√™ncia em gerenciar o estado da aplica√ß√£o de maneira eficiente, possivelmente usando bibliotecas como Bloc, Cubit, MobX ou similares.Experiencia em pr√°ticas de observabilidade para garantir o funcionamento correto da aplica√ß√£o.Conhecimento sobre integra√ß√£o e comunica√ß√£o entre m√≥dulos Flutter e aplica√ß√µes nativas (Android e iOS)Experi√™ncia em configurar pipelines de CI/CD para automa√ß√£o de compila√ß√£o, testes e implanta√ß√£o.Conhecimento do funcionamento das lojas de aplicativos (Google Play e App Store)Informa√ß√µes adicionaisBENEF√çCIOS DESSA POSI√á√ÉOParticipa√ß√£o nos Lucros;Carro Corporativo;Vale Alimenta√ß√£o;Vale Refei√ß√£o;Conv√™nio M√©dico;Conv√™nio Odontol√≥gico;Wellhub;Previd√™ncia Privada;Allya;Acesso ilimitado a diversos cursos da nossa Universidade Localiza;Programas internos de treinamento e desenvolvimento;Desconto em compra e aluguel de ve√≠culos.Viva a experi√™ncia de ser Localiza&amp;Co e venha construir o futuro da mobilidade conosco!",679,Localiza&Co,https://attachments.gupy.io/production/companies/581/career/679/images/2023-09-21_21-31_companyLogoUrl.png,vacancy_type_effective,2024-11-21T12:49:04.627Z,2025-12-15T00:00:00.000Z,True,,,Brasil,https://localiza.gupy.io/job/eyJqb2JJZCI6ODEwNTQzMCwic291cmNlIjoiZ3VweV9wb3J0YWwifQ==?jobBoardSource=gupy_portal,{'friendlyBadge': True},True,remote,https://localiza.gupy.io/eyJzb3VyY2UiOiJndXB5X3BvcnRhbCJ9
8165405,54256,Java Developer,"¬°S√© parte de Stefanini!En Stefanini&nbsp;somos m√°s de 30,000 genios, conectados desde 41 pa√≠ses, co-creando un futuro mejor.¬°S√© nuestro Desarrollador JAVA!Responsabilidades y atribuciones1 a√±o de experiencia como Desarrollador Java.Conocimiento en entornos bancarios (deseable).Control, seguimiento y desarrollo completo de los requerimientos del cliente, desde el an√°lisis, dise√±o, construcci√≥n, pruebas y liberaci√≥n.Requisitos y calificacionesProactivoAutodidactaJAVA EECI/CDBitbucket/GITJenkinsSonarQubeCheckMarxJUNITERAJSPLinuxInformaciones adicionales",114440,STEFANINI LATAM,https://attachments.gupy.io/production/companies/54256/career/114440/images/2022-11-22_20-33_logo.png,vacancy_type_temporary,2024-11-20T19:06:19.427Z,2025-01-19T00:00:00.000Z,True,,,Peru,https://stefaninilatam.gupy.io/job/eyJqb2JJZCI6ODE2NTQwNSwic291cmNlIjoiZ3VweV9wb3J0YWwifQ==?jobBoardSource=gupy_portal,{'friendlyBadge': False},True,remote,https://stefaninilatam.gupy.io/eyJzb3VyY2UiOiJndXB5X3BvcnRhbCJ9
8162541,808,[OGI] - Senior .NET Developer ,"Senior .NET DeveloperWe are looking for Senior .NET developers who want to work with us in a relaxed and exciting environment, with daily learning opportunities in the development of large projects for major clients worldwide. Our office is located in Chicago, USA, but we operate remotely; we prefer to call it an anywhere office.*Requirements:*- Previous experience with .NET Framework and .NET Core, React, and Angular- Great development practices- Knowledge of databases (SQL Server stored procedures)- Advanced English*Nice to have:*- Understanding of microservices communication and messaging systems_____________________________________Desenvolvedor .Net PlenoBuscamos devs .Net, em n√≠veis de carreira Senior, que queiram trabalhar conosco em um ambiente descontra√≠do e animado, com aprendizado di√°rio no desenvolvimento de grandes projetos, junto a grandes clientes pelo mundo. Nosso escrit√≥rio √© em Chicago (EUA), mas a nossa atua√ß√£o √© remota: por aqui preferimos chamar de anywhere office.- Experi√™ncia anterior com .Net e core, react e angular- √ìtimas pr√°ticas de desenvolvimento- Conhecimento em banco de dados (stored procedures de sql server)- Ingl√™s avan√ßado*Seria um diferencial*Conhecimento em XamarinSaber sobre comunica√ß√£o entre micro servi√ßos e mensageriaResponsabilidades e atribui√ß√µesRequisitos e qualifica√ß√µesInforma√ß√µes adicionais",176930,OGI.Systems,https://attachments.gupy.io/production/companies/808/career/176930/images/2024-07-08_19-38_companyLogoUrl.jpg,vacancy_type_effective,2024-11-19T20:52:34.264Z,2025-01-18T00:00:00.000Z,True,,,Brasil,https://ogisystems.gupy.io/job/eyJqb2JJZCI6ODE2MjU0MSwic291cmNlIjoiZ3VweV9wb3J0YWwifQ==?jobBoardSource=gupy_portal,{'friendlyBadge': True},True,remote,https://ogisystems.gupy.io/eyJzb3VyY2UiOiJndXB5X3BvcnRhbCJ9
8161321,54256,Java Developer,"¬°S√© parte de Stefanini!En Stefanini&nbsp;somos m√°s de 30,000 genios, conectados desde 41 pa√≠ses, co-creando un futuro mejor.¬°S√© nuestro Desarrollador JAVA!Responsabilidades y atribuciones1 a 2 a√±os de experiencia como Desarrollador JavaConocimiento en entornos bancarios (deseable)Control, seguimiento y desarrollo completo de los requerimientos del cliente, desde el an√°lisis, dise√±o, construcci√≥n, pruebas y liberaci√≥n&nbsp;Requisitos y calificacionesProactivoAutodidactaJAVA EECI/CDBitbucket/GITJenkinsSonarQubeCheckMarxJUNITERAJSPLinuxInformaciones adicionales",114440,STEFANINI LATAM,https://attachments.gupy.io/production/companies/54256/career/114440/images/2022-11-22_20-33_logo.png,vacancy_type_temporary,2024-11-19T20:26:21.349Z,2025-01-18T00:00:00.000Z,True,,,Peru,https://stefaninilatam.gupy.io/job/eyJqb2JJZCI6ODE2MTMyMSwic291cmNlIjoiZ3VweV9wb3J0YWwifQ==?jobBoardSource=gupy_portal,{'friendlyBadge': False},True,remote,https://stefaninilatam.gupy.io/eyJzb3VyY2UiOiJndXB5X3BvcnRhbCJ9
7738157,42212,Sr Developer Analyst,"Na Topaz, a tecnologia nos une e a evolu√ß√£o nos conecta! üöÄEm nossa organiza√ß√£o, estamos totalmente comprometidos em contribuir para solu√ß√µes financeiras que tornem a ind√∫stria um lugar seguro, acess√≠vel e din√¢mico. Queremos alcan√ßar diferentes partes do mundo com nosso amplo ecossistema de solu√ß√µes tecnol√≥gicas. Por isso, convidamos voc√™ a fazer parte dessa equipe! üòéAl√©m disso, temos √≥timos benef√≠cios para voc√™! Sabemos que, juntos, alcan√ßaremos o sucesso, ent√£o se candidate e fa√ßa parte desse grande time.Responsabilidades e atribui√ß√µesSeu dia a dia na&nbsp;Topaz:Atuar no planejamento e desenvolvimento dos produtos com o olhar voltado √† qualidade;Trabalhar em conjunto com times de diferentes √°reas observando as melhores pr√°ticas de desenvolvimento;Efetuar testes explorat√≥rios do que √© desenvolvido e oferecer feedback e sugest√µes aos times;Automatizar testes dos produtos e buscar sempre as melhores pr√°ticas nas etapas de desenvolvimento;Buscar conhecimento nas tecnologias utilizadas e trazer novas ideias ao restante do time.Requisitos e qualifica√ß√µesO que voc√™ precisa conhecer para ser parte da Topaz?Experi√™ncia com Python e principais bibliotecas da linguagem;Conhecimento em testes unit√°rios e testes de integra√ß√£o;Saber utilizar o GIT;Experi√™ncia com boas pr√°ticas de programa√ß√£o e metodologias √°geis;Conhecimento em arquitetura de software;Conhecimento em integra√ß√£o cont√≠nua;Tomar boas decis√µes de Engenharia de Software com autonomia, considerando vari√°veis t√©cnicas e n√£o t√©cnicas;Boa comunica√ß√£o, pois ir√° trabalhar em um time onde a comunica√ß√£o √© fundamental;A equipe est√° em crescimento e facilidade de adapta√ß√£o a novos desafios √© muito importante.&nbsp;Diferencial:ÔªøTer atuado ou conhecer BDD e profici√™ncia em PythonSaber utilizar o GIT.Experi√™ncia com boas pr√°ticas de programa√ß√£o e com metodologias √°geis.Conhecimento em integra√ß√£o cont√≠nua.Experi√™ncia com plataformas de testes automatizados e testes de unidadeFamiliaridade com integra√ß√£o cont√≠nua.Experi√™ncia com desenvolvimento Mobile e Web.Espanhol b√°sico.Informa√ß√µes adicionaisTenha em mente esses benef√≠cios que ir√£o melhorar sua experi√™ncia na Topaz!Sa√∫de e Bem-estar: Porque pensamos em nossas equipes, oferecemos diferentes planos de sa√∫de, focados em promover o bem-estar na organiza√ß√£o.Desenvolvimento pessoal e profissional: Estamos em constante evolu√ß√£o. Por isso, oferecemos ambientes, programas e pol√≠ticas que garantem o espa√ßo e as oportunidades necess√°rias para voc√™üéìRota de carreira.Flexibilidade e tempo livre: Aqui voc√™ encontrar√° o tempo necess√°rio para recarregar as energias, al√©m de poder desfrutar de um dia de folga&nbsp;no seu anivers√°rioü•≥ Modalidade de trabalho h√≠brido.Conv√™nios: Oferecemos diferentes conv√™nios e descontos.#VemSerTopaz",100035,Topaz Brasil,https://attachments.gupy.io/production/companies/42212/career/100035/images/2024-09-24_15-31_companyLogoUrl.jpg,vacancy_type_effective,2024-11-19T13:58:58.876Z,2025-01-31T00:00:00.000Z,False,Indaiatuba,S√£o Paulo,Brasil,https://topazbrasil.gupy.io/job/eyJqb2JJZCI6NzczODE1Nywic291cmNlIjoiZ3VweV9wb3J0YWwifQ==?jobBoardSource=gupy_portal,{'friendlyBadge': False},True,hybrid,https://topazbrasil.gupy.io/eyJzb3VyY2UiOiJndXB5X3BvcnRhbCJ9
